{"cameraMode":{"drawMode":0,"name":"Shaded","section":"Shading Mode"},"sceneLighting":false,"audioPlay":false,"sceneViewState":{"showFog":false,"showMaterialUpdate":false,"showSkybox":false,"showFlares":false,"showImageEffects":false,"showParticleSystems":false},"in2DMode":false,"pivot":{"x":-4.051283836364746,"y":2.7843594551086427,"z":5243.20556640625},"rotation":{"x":-0.2825256586074829,"y":-0.021580884233117105,"z":0.006357934325933456,"w":-0.9589958786964417},"size":16.183542251586915,"orthographic":false}