{"cameraMode":{"drawMode":0,"name":"Shaded","section":"Shading Mode"},"sceneLighting":false,"audioPlay":false,"sceneViewState":{"showFog":true,"showMaterialUpdate":false,"showSkybox":false,"showFlares":true,"showImageEffects":true,"showParticleSystems":true},"in2DMode":false,"pivot":{"x":-17.423385620117189,"y":2.7843594551086427,"z":5243.20556640625},"rotation":{"x":0.04893501475453377,"y":0.9351117014884949,"z":-0.14276723563671113,"w":0.320607453584671},"size":9.750628471374512,"orthographic":false}